star_id,period,radius,tdur,rhostar,rstar,mstar,npl
398.0,7.8691025,2.45989369,0.1721467675,1.0,1.0,1.0,5
398.0,12.8576784,3.44568429,0.10754116458333333,1.0,1.0,1.0,5
398.0,21.2748737,3.62826913,0.23731257541666664,1.0,1.0,1.0,5
398.0,36.1461456,5.14315448,0.16042308583333334,1.0,1.0,1.0,5
398.0,51.8702231,5.12168642,0.22771814375,1.0,1.0,1.0,5
437.0,8.86532962,3.40506658,0.11519131541666666,1.0,1.0,1.0,3
437.0,14.3931497,5.33100909,0.2153663425,1.0,1.0,1.0,3
437.0,40.4495148,5.59230186,0.3090889,1.0,1.0,1.0,3
542.0,11.3333666,1.40459909,0.19445035958333334,1.0,1.0,1.0,4
542.0,14.523632,1.67003414,0.20423930666666668,1.0,1.0,1.0,4
542.0,25.8134177,2.90057761,0.08386154750000001,1.0,1.0,1.0,4
542.0,47.139853,5.12908677,0.31992394125,1.0,1.0,1.0,4
2092.0,9.68018081,1.46214527,0.16550461875,1.0,1.0,1.0,3
2092.0,20.936126,1.19574175,0.20766875291666667,1.0,1.0,1.0,3
2092.0,81.4015641,1.76169339,0.3260984779166667,1.0,1.0,1.0,3
3965.0,12.0205183,2.30065134,0.04312341250000001,1.0,1.0,1.0,3
3965.0,27.0388809,2.72743,0.26205575124999997,1.0,1.0,1.0,3
3965.0,55.9870846,4.51440286,0.34125791083333334,1.0,1.0,1.0,3
4297.0,6.58453804,1.49767233,0.16204709,1.0,1.0,1.0,3
4297.0,29.4757212,2.09666435,0.25558000875000003,1.0,1.0,1.0,3
4297.0,52.2172275,2.5961089,0.32593138541666666,1.0,1.0,1.0,3
4901.0,18.8848836,2.68871897,0.22906446125000002,1.0,1.0,1.0,3
4901.0,41.5464875,2.5424563,0.27778363833333336,1.0,1.0,1.0,3
4901.0,91.8988765,3.4101772,0.22968940916666666,1.0,1.0,1.0,3
5162.0,2.85205679,1.60764811,0.12375008166666666,1.0,1.0,1.0,6
5162.0,5.15455505,2.1881522,0.08403818,1.0,1.0,1.0,6
5162.0,7.87255222,2.13489046,0.09065036708333334,1.0,1.0,1.0,6
5162.0,15.8210763,2.73895562,0.14195947125,1.0,1.0,1.0,6
5162.0,23.7339464,3.57479131,0.2539477041666667,1.0,1.0,1.0,6
5162.0,38.8028551,5.72934372,0.17647549583333333,1.0,1.0,1.0,6
5218.0,10.2994243,1.12038038,0.18697626583333335,1.0,1.0,1.0,3
5218.0,14.7372941,1.60895831,0.20539288708333334,1.0,1.0,1.0,3
5218.0,20.2001048,1.3443138,0.22641237333333333,1.0,1.0,1.0,3
5981.0,2.32016415,1.12924104,0.11475806374999999,1.0,1.0,1.0,4
5981.0,4.27895643,1.68357971,0.1405690175,1.0,1.0,1.0,4
5981.0,8.60375416,2.07551908,0.17893407541666664,1.0,1.0,1.0,4
5981.0,13.7614943,1.3772788,0.19810883291666667,1.0,1.0,1.0,4
7904.0,5.82005101,0.964873401,0.15562813875,1.0,1.0,1.0,4
7904.0,15.8324553,1.00499704,0.19781407333333334,1.0,1.0,1.0,4
7904.0,28.1714848,1.97157322,0.13928930291666666,1.0,1.0,1.0,4
7904.0,52.6358097,1.7920662,0.3232209425,1.0,1.0,1.0,4
8407.0,7.31204115,1.95610606,0.14669949000000002,1.0,1.0,1.0,3
8407.0,24.2461507,3.6284472,0.20917566291666667,1.0,1.0,1.0,3
8407.0,31.8495995,3.73249448,0.22320650374999998,1.0,1.0,1.0,3
9701.0,5.71793087,2.51087521,0.10414082375,1.0,1.0,1.0,3
9701.0,15.5850308,2.32670065,0.12056873208333334,1.0,1.0,1.0,3
9701.0,38.0430475,1.92557238,0.29251510541666664,1.0,1.0,1.0,3
10521.0,2.11256177,1.22247356,0.11071188916666667,1.0,1.0,1.0,4
10521.0,3.12164193,1.10314498,0.1032244625,1.0,1.0,1.0,4
10521.0,6.20569152,1.35371543,0.14952026125,1.0,1.0,1.0,4
10521.0,10.3794231,1.44686723,0.17522582499999997,1.0,1.0,1.0,4
11120.0,9.23297651,1.61987793,0.06655057458333334,1.0,1.0,1.0,3
11120.0,40.4416522,4.36617328,0.30490741875,1.0,1.0,1.0,3
11120.0,96.0617054,4.54133291,0.2853017058333333,1.0,1.0,1.0,3
11204.0,4.22705698,1.11779955,0.13697289833333334,1.0,1.0,1.0,3
11204.0,10.3086078,1.22703703,0.12303496166666666,1.0,1.0,1.0,3
11204.0,101.150148,1.33043593,0.4019822775,1.0,1.0,1.0,3
11490.0,5.12874654,4.23273711,0.15351604916666667,1.0,1.0,1.0,3
11490.0,15.6155232,5.19724232,0.21944225041666665,1.0,1.0,1.0,3
11490.0,101.027061,5.23897392,0.39242814000000004,1.0,1.0,1.0,3
11724.0,2.18680665,1.97147902,0.10194789166666667,1.0,1.0,1.0,3
11724.0,3.42358082,1.24782694,0.04643199541666667,1.0,1.0,1.0,3
11724.0,8.63312127,1.06090863,0.09752157,1.0,1.0,1.0,3
12956.0,5.57027412,2.26156832,0.14782738583333332,1.0,1.0,1.0,3
12956.0,41.7582746,4.04407247,0.16063104666666667,1.0,1.0,1.0,3
12956.0,54.1947316,3.38919445,0.32708737375,1.0,1.0,1.0,3
14559.0,3.83323185,1.67865953,0.12064259541666666,1.0,1.0,1.0,4
14559.0,6.01847404,2.71857566,0.15773850708333334,1.0,1.0,1.0,4
14559.0,9.44241611,2.58025775,0.050437511666666664,1.0,1.0,1.0,4
14559.0,18.0726305,4.16052166,0.140574395,1.0,1.0,1.0,4
16811.0,5.05325993,1.49355957,0.14382636291666667,1.0,1.0,1.0,3
16811.0,8.42994899,2.06579464,0.10911817916666666,1.0,1.0,1.0,3
16811.0,18.7891043,1.27809405,0.039682720458333334,1.0,1.0,1.0,3
17856.0,13.3766577,1.57768953,0.05611218708333333,1.0,1.0,1.0,3
17856.0,27.2281178,1.76136151,0.24095282958333333,1.0,1.0,1.0,3
17856.0,43.9333962,2.59604506,0.18765577666666666,1.0,1.0,1.0,3
17895.0,18.4570142,2.60784461,0.21448902,1.0,1.0,1.0,3
17895.0,24.5886871,4.6019634,0.07458489583333333,1.0,1.0,1.0,3
17895.0,41.7461524,5.53794361,0.19716642291666667,1.0,1.0,1.0,3
18524.0,9.50262878,2.6535768,0.17441932791666667,1.0,1.0,1.0,5
18524.0,14.0140345,1.98837625,0.14812815166666668,1.0,1.0,1.0,5
18524.0,18.62329,2.03180983,0.22505990333333334,1.0,1.0,1.0,5
18524.0,26.5950485,2.24019677,0.2528081220833333,1.0,1.0,1.0,5
18524.0,35.3840866,3.12541167,0.12717309791666667,1.0,1.0,1.0,5
18890.0,4.57799931,3.27874065,0.1049011525,1.0,1.0,1.0,4
18890.0,6.14829759,2.56743523,0.15316873625,1.0,1.0,1.0,4
18890.0,11.6243343,4.47843928,0.07903880625,1.0,1.0,1.0,4
18890.0,20.3120542,3.76669258,0.06340134166666667,1.0,1.0,1.0,4
19518.0,6.18535583,1.90622682,0.1603557225,1.0,1.0,1.0,3
19518.0,10.5553543,1.56308314,0.1673658354166667,1.0,1.0,1.0,3
19518.0,15.4102017,1.68177603,0.19590955458333334,1.0,1.0,1.0,3
19954.0,7.12031078,2.00698331,0.16058594666666667,1.0,1.0,1.0,3
19954.0,14.2971333,2.20506393,0.16786434791666668,1.0,1.0,1.0,3
19954.0,36.1111284,3.18272736,0.289469245,1.0,1.0,1.0,3
20351.0,10.8151562,1.66306699,0.13703803541666668,1.0,1.0,1.0,3
20351.0,26.6506972,2.35381736,0.26081098333333336,1.0,1.0,1.0,3
20351.0,55.5150645,2.68211886,0.30156692041666666,1.0,1.0,1.0,3
20451.0,3.95975773,3.10961131,0.10275568583333333,1.0,1.0,1.0,3
20451.0,8.19083451,2.66446247,0.16857973625,1.0,1.0,1.0,3
20451.0,17.4685831,2.29973209,0.1946576316666667,1.0,1.0,1.0,3
21989.0,11.9452692,1.82570125,0.1600188525,1.0,1.0,1.0,4
21989.0,18.1836003,1.68921702,0.20475983875,1.0,1.0,1.0,4
21989.0,22.5012758,1.71764437,0.19471573833333333,1.0,1.0,1.0,4
21989.0,236.861496,4.02199367,0.34923320083333337,1.0,1.0,1.0,4
22166.0,5.74234315,2.42219725,0.13509856291666666,1.0,1.0,1.0,3
22166.0,20.9231485,1.52826635,0.22034625375000003,1.0,1.0,1.0,3
22166.0,49.1705975,1.77087465,0.22056211916666668,1.0,1.0,1.0,3
22687.0,5.62457034,1.87177408,0.14667157125,1.0,1.0,1.0,3
22687.0,10.0108555,1.59155446,0.14627787166666667,1.0,1.0,1.0,3
22687.0,28.9348451,1.48474595,0.2552586045833333,1.0,1.0,1.0,3
25968.0,5.87160534,0.988675805,0.15374870625,1.0,1.0,1.0,5
25968.0,9.10486077,1.84535567,0.15514774750000002,1.0,1.0,1.0,5
25968.0,12.0728095,3.14551224,0.2014218575,1.0,1.0,1.0,5
25968.0,40.0147091,3.81854987,0.30243744375,1.0,1.0,1.0,5
25968.0,59.9083967,4.20298413,0.2573325066666667,1.0,1.0,1.0,5
26270.0,3.10057894,2.88127124,0.12207962666666666,1.0,1.0,1.0,4
26270.0,5.99706476,2.10534064,0.15752857166666667,1.0,1.0,1.0,4
26270.0,8.17338542,2.06908386,0.17592634666666665,1.0,1.0,1.0,4
26270.0,28.7295638,1.59030883,0.24288896999999998,1.0,1.0,1.0,4
26575.0,21.4776621,2.7632059,0.09943467916666666,1.0,1.0,1.0,3
26575.0,55.4863136,3.36164212,0.3300090583333333,1.0,1.0,1.0,3
26575.0,98.7033271,5.73160738,0.4134746470833333,1.0,1.0,1.0,3
29071.0,9.05621408,1.62789752,0.07050162333333333,1.0,1.0,1.0,3
29071.0,16.5157374,1.08599496,0.21990330708333336,1.0,1.0,1.0,3
29071.0,31.3435172,1.28710879,0.26849271041666667,1.0,1.0,1.0,3
29884.0,6.08922628,3.0328169,0.113754285,1.0,1.0,1.0,4
29884.0,8.57087096,3.13623891,0.137653845,1.0,1.0,1.0,4
29884.0,14.5068185,2.55232024,0.21296113083333335,1.0,1.0,1.0,4
29884.0,20.1749907,3.45015661,0.23404587291666668,1.0,1.0,1.0,4
30377.0,3.34475326,2.97268628,0.11981796083333333,1.0,1.0,1.0,4
30377.0,6.24651794,2.11927887,0.14287730333333334,1.0,1.0,1.0,4
30377.0,31.8645817,2.72933273,0.2764379633333333,1.0,1.0,1.0,4
30377.0,65.5260803,4.10780941,0.22857517875,1.0,1.0,1.0,4
30957.0,2.83409645,1.82828274,0.12384202708333332,1.0,1.0,1.0,3
30957.0,7.04171473,1.99141286,0.13301360541666665,1.0,1.0,1.0,3
30957.0,31.9458621,2.24774231,0.25074790416666665,1.0,1.0,1.0,3
31202.0,2.01217684,0.549705462,0.10403803499999999,1.0,1.0,1.0,3
31202.0,4.74181331,0.777207144,0.13380102666666668,1.0,1.0,1.0,3
31202.0,8.35320636,1.73870477,0.15235215124999998,1.0,1.0,1.0,3
31810.0,5.07820583,1.69041297,0.14975056458333333,1.0,1.0,1.0,3
31810.0,7.24663646,1.7758025,0.13895215166666666,1.0,1.0,1.0,3
31810.0,11.7633707,3.03570467,0.18061047333333333,1.0,1.0,1.0,3
32056.0,6.79278665,3.24161006,0.16414615666666668,1.0,1.0,1.0,3
32056.0,10.6514284,3.66893856,0.19292462624999998,1.0,1.0,1.0,3
32056.0,17.250146,3.51578217,0.20950220666666666,1.0,1.0,1.0,3
32949.0,9.10693384,2.50510157,0.18093701166666668,1.0,1.0,1.0,4
32949.0,24.8378655,2.14151799,0.16678089083333333,1.0,1.0,1.0,4
32949.0,44.0945058,2.23460427,0.08836091,1.0,1.0,1.0,4
32949.0,68.7733085,2.22981594,0.35265939375,1.0,1.0,1.0,4
33007.0,6.76205937,0.986250982,0.13289050958333334,1.0,1.0,1.0,3
33007.0,11.624309,1.50124099,0.14543447208333335,1.0,1.0,1.0,3
33007.0,28.6363686,1.78162449,0.13281501041666668,1.0,1.0,1.0,3
33283.0,10.6844994,3.04686544,0.16900643916666666,1.0,1.0,1.0,3
33283.0,40.1071307,2.75650921,0.18526347666666665,1.0,1.0,1.0,3
33283.0,335.632352,4.15859466,0.3520199308333333,1.0,1.0,1.0,3
33323.0,4.61479646,1.58905274,0.14311849000000001,1.0,1.0,1.0,5
33323.0,9.93173341,1.70196491,0.16367551791666665,1.0,1.0,1.0,5
33323.0,18.6620545,2.7148751,0.1794240275,1.0,1.0,1.0,5
33323.0,28.5980738,2.1301701,0.26329878375,1.0,1.0,1.0,5
33323.0,147.748746,2.71998529,0.26059537958333334,1.0,1.0,1.0,5
34362.0,11.2204747,2.08255008,0.07456431625,1.0,1.0,1.0,3
34362.0,26.8189716,1.90348895,0.24890647958333334,1.0,1.0,1.0,3
34362.0,49.9458129,2.23844677,0.29404432166666666,1.0,1.0,1.0,3
37386.0,3.33847324,2.60627821,0.11273119333333333,1.0,1.0,1.0,3
37386.0,6.36334704,1.9738585,0.09125776083333333,1.0,1.0,1.0,3
37386.0,44.4270276,1.87402183,0.30859344208333334,1.0,1.0,1.0,3
38337.0,2.0454839,1.6754171,0.10732512791666667,1.0,1.0,1.0,3
38337.0,3.70836034,2.71240437,0.13543165916666666,1.0,1.0,1.0,3
38337.0,6.81404852,4.10942638,0.1635734125,1.0,1.0,1.0,3
39158.0,5.20529729,2.26085317,0.09104799083333333,1.0,1.0,1.0,5
39158.0,10.3946304,3.04417865,0.18609670749999999,1.0,1.0,1.0,5
39158.0,19.697158,3.23346948,0.218210655,1.0,1.0,1.0,5
39158.0,37.5927507,3.17030945,0.2816546441666667,1.0,1.0,1.0,5
39158.0,92.6728293,4.97083257,0.38817043083333336,1.0,1.0,1.0,5
39900.0,2.58802304,1.61153831,0.1198559275,1.0,1.0,1.0,3
39900.0,5.20933632,1.97744483,0.14816051,1.0,1.0,1.0,3
39900.0,13.949583,1.92926687,0.09412534500000001,1.0,1.0,1.0,3
40385.0,4.99950493,2.18758147,0.14398219583333333,1.0,1.0,1.0,4
40385.0,12.8144725,2.95822043,0.10818540958333334,1.0,1.0,1.0,4
40385.0,23.6063937,3.32241254,0.2295960525,1.0,1.0,1.0,4
40385.0,69.875702,2.33377911,0.14675376833333334,1.0,1.0,1.0,4
40506.0,3.07363944,1.98334389,0.12724269375,1.0,1.0,1.0,3
40506.0,5.84339713,1.70650629,0.13773459375,1.0,1.0,1.0,3
40506.0,10.6181213,1.77972004,0.042217943333333334,1.0,1.0,1.0,3
41642.0,19.9542227,2.06033812,0.17384699166666664,1.0,1.0,1.0,3
41642.0,42.3360897,2.40743753,0.20143142958333335,1.0,1.0,1.0,3
41642.0,81.8501164,2.58101657,0.33852175625,1.0,1.0,1.0,3
42770.0,5.77968688,2.53912738,0.15379409541666667,1.0,1.0,1.0,3
42770.0,24.0721953,2.83623242,0.23239864041666666,1.0,1.0,1.0,3
42770.0,56.189678,1.54379887,0.22963776833333335,1.0,1.0,1.0,3
43745.0,2.14176895,2.22089208,0.09667342333333334,1.0,1.0,1.0,5
43745.0,3.78771077,2.93417835,0.13747323,1.0,1.0,1.0,5
43745.0,6.17616464,2.06282263,0.15600772916666666,1.0,1.0,1.0,5
43745.0,24.5376486,4.20716598,0.25088748791666665,1.0,1.0,1.0,5
43745.0,45.058636,3.35029691,0.22657179291666665,1.0,1.0,1.0,5
44415.0,2.85758571,2.41206792,0.12339514374999999,1.0,1.0,1.0,6
44415.0,6.20642223,2.02443712,0.09054701458333332,1.0,1.0,1.0,6
44415.0,11.093275,2.16593504,0.17054622416666665,1.0,1.0,1.0,6
44415.0,21.660849,3.5725347,0.22962533833333332,1.0,1.0,1.0,6
44415.0,43.2008461,1.91450177,0.30463736916666667,1.0,1.0,1.0,6
44415.0,95.027672,4.62387358,0.15452768083333332,1.0,1.0,1.0,6
44835.0,3.62487912,2.13414882,0.12546115791666665,1.0,1.0,1.0,3
44835.0,26.2719047,1.70696532,0.188675445,1.0,1.0,1.0,3
44835.0,162.226318,2.55233865,0.13294667000000002,1.0,1.0,1.0,3
45509.0,12.0584834,2.57026546,0.20051751041666666,1.0,1.0,1.0,3
45509.0,22.9993473,1.85737999,0.07042362875000001,1.0,1.0,1.0,3
45509.0,39.074586,1.46202973,0.28551054708333334,1.0,1.0,1.0,3
45853.0,26.1520768,2.3601905,0.2522582475,1.0,1.0,1.0,3
45853.0,35.8260409,1.95977922,0.12442265916666667,1.0,1.0,1.0,3
45853.0,68.0231567,3.55892751,0.1517968225,1.0,1.0,1.0,3
45892.0,2.26261518,0.890427932,0.10144916250000001,1.0,1.0,1.0,3
45892.0,4.14807746,1.48483051,0.13662080499999998,1.0,1.0,1.0,3
45892.0,6.74717984,1.11505586,0.14632264916666668,1.0,1.0,1.0,3
46523.0,14.1827852,3.76411707,0.18465322333333334,1.0,1.0,1.0,3
46523.0,21.7976165,5.73078602,0.092862065,1.0,1.0,1.0,3
46523.0,36.4108573,4.1908855,0.2174746508333333,1.0,1.0,1.0,3
46558.0,8.89670594,2.52157694,0.18106263666666667,1.0,1.0,1.0,3
46558.0,14.4370041,3.98886367,0.21424154333333334,1.0,1.0,1.0,3
46558.0,78.2780143,5.16350014,0.3484807475,1.0,1.0,1.0,3
46854.0,3.38114386,2.56932944,0.10767750999999999,1.0,1.0,1.0,3
46854.0,5.65510281,3.01491643,0.14814261208333332,1.0,1.0,1.0,3
46854.0,10.2948391,1.68499777,0.18814867625,1.0,1.0,1.0,3
47711.0,5.88641014,2.61106045,0.14473653083333335,1.0,1.0,1.0,3
47711.0,18.6014355,3.03729316,0.18062760541666667,1.0,1.0,1.0,3
47711.0,40.4876178,3.30249674,0.2691049466666667,1.0,1.0,1.0,3
48048.0,7.60443938,2.39511409,0.16843347791666666,1.0,1.0,1.0,3
48048.0,31.6842299,1.94740242,0.12633168416666665,1.0,1.0,1.0,3
48048.0,168.18695,2.13198939,0.37833521541666665,1.0,1.0,1.0,3
48066.0,10.848039,3.01596217,0.1802692225,1.0,1.0,1.0,6
48066.0,20.2098384,3.62542727,0.22655612916666668,1.0,1.0,1.0,6
48066.0,28.5753441,3.81730898,0.23773669916666665,1.0,1.0,1.0,6
48066.0,54.4619092,2.5782809,0.32807226041666665,1.0,1.0,1.0,6
48066.0,183.427502,2.11924315,0.39834900666666667,1.0,1.0,1.0,6
48066.0,369.26213,3.43308352,0.2958003625,1.0,1.0,1.0,6
48748.0,6.78330885,1.33672032,0.14562556083333333,1.0,1.0,1.0,3
48748.0,10.5467871,1.4150817,0.19033617625,1.0,1.0,1.0,3
48748.0,24.7404169,1.75733375,0.21178781624999998,1.0,1.0,1.0,3
49760.0,3.18752758,1.79550121,0.10187544458333332,1.0,1.0,1.0,5
49760.0,5.25101995,2.04964871,0.14692082583333335,1.0,1.0,1.0,5
49760.0,8.44408481,2.19193656,0.15917593208333333,1.0,1.0,1.0,5
49760.0,21.5776222,3.40044586,0.23203694125,1.0,1.0,1.0,5
49760.0,49.0687651,3.8943186,0.324036405,1.0,1.0,1.0,5
49778.0,17.2774502,1.61806317,0.22440250916666668,1.0,1.0,1.0,3
49778.0,41.407972,2.26812486,0.19088541208333332,1.0,1.0,1.0,3
49778.0,66.2447664,1.73793289,0.14201664083333335,1.0,1.0,1.0,3
50923.0,13.0533008,1.90157226,0.19942536291666668,1.0,1.0,1.0,4
50923.0,16.7679002,1.53371241,0.21910926541666667,1.0,1.0,1.0,4
50923.0,58.777134,1.72881838,0.3248728995833333,1.0,1.0,1.0,4
50923.0,107.650784,1.93257235,0.28379932291666665,1.0,1.0,1.0,4
51084.0,8.57084886,0.928060584,0.16506605083333334,1.0,1.0,1.0,3
51084.0,11.5448663,1.89063448,0.18274149958333333,1.0,1.0,1.0,3
51084.0,18.0422664,1.94740176,0.17686911166666666,1.0,1.0,1.0,3
51729.0,6.14717968,1.04813985,0.15256989,1.0,1.0,1.0,4
51729.0,9.741871,1.66544265,0.16674804291666667,1.0,1.0,1.0,4
51729.0,18.9993584,1.50429124,0.22763627833333333,1.0,1.0,1.0,4
51729.0,59.6241922,2.13271686,0.2659547395833333,1.0,1.0,1.0,4
51867.0,9.07092295,1.04761223,0.17890668375,1.0,1.0,1.0,3
51867.0,32.490493,1.60441082,0.2767646266666667,1.0,1.0,1.0,3
51867.0,88.2655257,2.05121476,0.3100870870833333,1.0,1.0,1.0,3
52606.0,18.4834964,2.03028945,0.21999390124999998,1.0,1.0,1.0,3
52606.0,43.3051938,1.7931972,0.28511660583333337,1.0,1.0,1.0,3
52606.0,176.809269,3.58371853,0.3979356375,1.0,1.0,1.0,3
53405.0,7.86401408,1.54264058,0.16190803333333334,1.0,1.0,1.0,3
53405.0,18.4613949,1.67506721,0.21907848791666665,1.0,1.0,1.0,3
53405.0,26.5538452,1.59005433,0.22261429208333336,1.0,1.0,1.0,3
54471.0,21.1323013,2.80060229,0.23757274416666666,1.0,1.0,1.0,4
54471.0,36.9905581,5.01564825,0.21872547791666666,1.0,1.0,1.0,4
54471.0,61.4459789,5.37969854,0.35321160375,1.0,1.0,1.0,4
54471.0,88.3192054,3.48018515,0.36174979125,1.0,1.0,1.0,4
55227.0,7.50375677,4.09774316,0.14416859708333332,1.0,1.0,1.0,3
55227.0,30.6883741,4.51667324,0.09261091708333334,1.0,1.0,1.0,3
55227.0,58.4620295,2.53102574,0.3374712904166666,1.0,1.0,1.0,3
55901.0,3.64337649,1.52797825,0.13220379541666666,1.0,1.0,1.0,5
55901.0,4.84533854,1.66848661,0.09670911208333333,1.0,1.0,1.0,5
55901.0,11.3299071,2.42444542,0.19671335458333336,1.0,1.0,1.0,5
55901.0,17.5770416,2.61080953,0.1742699275,1.0,1.0,1.0,5
55901.0,25.6741177,3.85300538,0.26204169791666665,1.0,1.0,1.0,5
58683.0,3.12505339,1.50985607,0.12726699583333334,1.0,1.0,1.0,5
58683.0,8.5706286,1.50704101,0.17140269666666666,1.0,1.0,1.0,5
58683.0,26.8594422,3.11981726,0.24673414083333334,1.0,1.0,1.0,5
58683.0,65.5071009,4.45400947,0.22367028791666665,1.0,1.0,1.0,5
58683.0,204.911759,4.81512605,0.31417687499999997,1.0,1.0,1.0,5
60073.0,11.3598753,3.25339614,0.16887618291666665,1.0,1.0,1.0,3
60073.0,15.7769668,3.27166781,0.16996248333333333,1.0,1.0,1.0,3
60073.0,38.9959524,4.01943345,0.284931875,1.0,1.0,1.0,3
60264.0,3.8877702,2.47611664,0.13239606291666667,1.0,1.0,1.0,3
60264.0,8.93591319,3.23982596,0.18307504625,1.0,1.0,1.0,3
60264.0,99.5318466,3.11028354,0.33887354625000005,1.0,1.0,1.0,3
60641.0,16.0996498,1.87722256,0.18953892375,1.0,1.0,1.0,4
60641.0,28.0478565,3.67599309,0.2071047204166667,1.0,1.0,1.0,4
60641.0,35.7158737,5.60710444,0.2768474529166667,1.0,1.0,1.0,4
60641.0,54.7963054,5.49953221,0.2648398775,1.0,1.0,1.0,4
62331.0,14.9998884,4.32298807,0.21948041666666665,1.0,1.0,1.0,3
62331.0,30.9457607,4.94119245,0.25218459708333335,1.0,1.0,1.0,3
62331.0,236.224913,3.06224454,0.45771577916666667,1.0,1.0,1.0,3
62332.0,13.1330921,2.63588029,0.19928589583333334,1.0,1.0,1.0,3
62332.0,18.7198358,2.75327602,0.20326220125000002,1.0,1.0,1.0,3
62332.0,120.733263,2.55685888,0.23633441166666666,1.0,1.0,1.0,3
63932.0,4.04896931,1.30250373,0.13824759,1.0,1.0,1.0,3
63932.0,5.13046729,2.36220583,0.14387455791666667,1.0,1.0,1.0,3
63932.0,24.4545747,3.13384288,0.20397261416666668,1.0,1.0,1.0,3
65394.0,2.57736849,1.74145275,0.092359425,1.0,1.0,1.0,3
65394.0,4.2159655,1.67610989,0.13237520249999998,1.0,1.0,1.0,3
65394.0,9.64885626,1.1500731,0.12373215541666667,1.0,1.0,1.0,3
65928.0,3.3913549,1.59562007,0.13068522291666665,1.0,1.0,1.0,6
65928.0,4.21311031,2.41732215,0.139564625,1.0,1.0,1.0,6
65928.0,5.2830515,3.12488097,0.12903984458333334,1.0,1.0,1.0,6
65928.0,12.9186715,4.73329774,0.20866743958333334,1.0,1.0,1.0,6
65928.0,25.091011,5.25733727,0.249007345,1.0,1.0,1.0,6
65928.0,44.5501106,5.85653128,0.25512834208333335,1.0,1.0,1.0,6
66208.0,3.64891563,1.45087982,0.11523245,1.0,1.0,1.0,5
66208.0,5.136413,2.05880398,0.14662643125,1.0,1.0,1.0,5
66208.0,11.0385801,2.93127409,0.19154772083333335,1.0,1.0,1.0,5
66208.0,42.1178517,2.90047268,0.21167353416666668,1.0,1.0,1.0,5
66208.0,57.6230731,2.22499343,0.19719213125,1.0,1.0,1.0,5
66435.0,8.88198401,2.60752121,0.1721190970833333,1.0,1.0,1.0,3
66435.0,11.7159238,2.08337813,0.1328034125,1.0,1.0,1.0,3
66435.0,21.0294163,1.98415449,0.19139737874999999,1.0,1.0,1.0,3
68254.0,2.94712851,1.45550594,0.12308555083333333,1.0,1.0,1.0,3
68254.0,7.13289396,1.88299251,0.12200354833333334,1.0,1.0,1.0,3
68254.0,12.4398752,2.73237293,0.19918659083333334,1.0,1.0,1.0,3
69909.0,6.83279341,2.48372643,0.16020928541666665,1.0,1.0,1.0,3
69909.0,11.6807274,3.14253323,0.1962964766666667,1.0,1.0,1.0,3
69909.0,80.6881725,2.55440265,0.3348970216666667,1.0,1.0,1.0,3
70191.0,3.03539667,1.2110313,0.12261866666666667,1.0,1.0,1.0,3
70191.0,5.22040377,1.21548658,0.14694891958333334,1.0,1.0,1.0,3
70191.0,19.0331751,3.20083702,0.14178058458333334,1.0,1.0,1.0,3
70233.0,6.78947263,4.03559749,0.10428127208333333,1.0,1.0,1.0,3
70233.0,10.5424736,2.63566077,0.17047656749999998,1.0,1.0,1.0,3
70233.0,101.140777,3.55544198,0.29449114541666666,1.0,1.0,1.0,3
70620.0,7.74951665,1.44099585,0.09543369541666667,1.0,1.0,1.0,4
70620.0,11.0071634,1.9246169,0.16383885041666665,1.0,1.0,1.0,4
70620.0,19.2603899,2.58656087,0.06694721291666667,1.0,1.0,1.0,4
70620.0,29.710421,3.00027013,0.25370021958333333,1.0,1.0,1.0,4
72217.0,4.80843423,1.70360583,0.14114045541666667,1.0,1.0,1.0,3
72217.0,7.96460418,1.55915101,0.139501335,1.0,1.0,1.0,3
72217.0,63.4573557,2.80556542,0.3487091795833333,1.0,1.0,1.0,3
73745.0,4.76603949,2.67387046,0.13165037041666666,1.0,1.0,1.0,3
73745.0,9.73232069,4.54012489,0.15538125291666668,1.0,1.0,1.0,3
73745.0,20.0119113,3.67371732,0.2394302625,1.0,1.0,1.0,3
74720.0,2.86906807,2.67263449,0.12393312000000001,1.0,1.0,1.0,4
74720.0,8.83837685,2.41676665,0.1264573525,1.0,1.0,1.0,4
74720.0,12.6898009,1.81238624,0.20149627625,1.0,1.0,1.0,4
74720.0,19.5622344,1.87595727,0.21262761291666665,1.0,1.0,1.0,4
75617.0,2.45519482,1.61797493,0.10481180624999999,1.0,1.0,1.0,3
75617.0,3.83152119,2.65202206,0.12634357375,1.0,1.0,1.0,3
75617.0,5.42541329,2.82926215,0.15149196,1.0,1.0,1.0,3
76495.0,4.88138778,2.89411822,0.12702221708333333,1.0,1.0,1.0,3
76495.0,8.14224194,3.01845611,0.13683859833333334,1.0,1.0,1.0,3
76495.0,15.8509642,1.76825004,0.20007018166666668,1.0,1.0,1.0,3
77302.0,3.3099009,0.657502954,0.10442530083333333,1.0,1.0,1.0,3
77302.0,7.9142002,1.20160723,0.041746585,1.0,1.0,1.0,3
77302.0,17.4671135,1.08287053,0.21577200541666666,1.0,1.0,1.0,3
78005.0,10.8572055,2.0399595,0.18333701083333334,1.0,1.0,1.0,3
78005.0,54.2465081,2.56767113,0.32513767374999997,1.0,1.0,1.0,3
78005.0,183.002889,3.44195494,0.496252975,1.0,1.0,1.0,3
78642.0,4.87273457,1.31811011,0.1247353425,1.0,1.0,1.0,3
78642.0,10.0011256,1.61722065,0.06636032833333333,1.0,1.0,1.0,3
78642.0,68.7357586,3.5152399,0.13093980375,1.0,1.0,1.0,3
78694.0,4.36785598,2.6261031,0.13595360041666668,1.0,1.0,1.0,3
78694.0,8.08325249,1.73630909,0.152153705,1.0,1.0,1.0,3
78694.0,18.2155868,1.81168072,0.19744188208333333,1.0,1.0,1.0,3
78764.0,6.03964347,2.57299433,0.15685932125,1.0,1.0,1.0,3
78764.0,14.0830953,2.14307255,0.21074599833333332,1.0,1.0,1.0,3
78764.0,22.1820305,1.75976112,0.24433576291666667,1.0,1.0,1.0,3
78983.0,6.31376485,2.85614438,0.16189792916666665,1.0,1.0,1.0,3
78983.0,10.9380125,2.60921649,0.19394974583333333,1.0,1.0,1.0,3
78983.0,26.1632781,3.29959931,0.25056955458333335,1.0,1.0,1.0,3
79727.0,8.0431219,5.58376095,0.17715460791666668,1.0,1.0,1.0,3
79727.0,22.3574351,2.94945703,0.21053317291666665,1.0,1.0,1.0,3
79727.0,113.825493,4.72826265,0.3387986566666667,1.0,1.0,1.0,3
79890.0,2.06253126,1.72410163,0.109446635,1.0,1.0,1.0,3
79890.0,5.25659382,2.05429848,0.12519237375,1.0,1.0,1.0,3
79890.0,10.2641104,2.98251468,0.19149184041666667,1.0,1.0,1.0,3
81504.0,10.0067032,1.83495785,0.13048769291666668,1.0,1.0,1.0,3
81504.0,13.1509687,2.26225887,0.2056054416666667,1.0,1.0,1.0,3
81504.0,32.7627494,2.47924504,0.12754291125,1.0,1.0,1.0,3
81537.0,7.70252733,1.6170688,0.14325911333333333,1.0,1.0,1.0,3
81537.0,12.7775995,1.06614456,0.19944273,1.0,1.0,1.0,3
81537.0,36.6933813,1.47021088,0.22778897208333335,1.0,1.0,1.0,3
